{"count":1,"self":3.9869732,"total":12.664954199999999,"children":{"InitializeActuators":{"count":1,"self":0.0023753999999999997,"total":0.0023753999999999997,"children":null},"InitializeSensors":{"count":1,"self":0.0010225,"total":0.0010225,"children":null},"AgentSendState":{"count":4534,"self":0.011026399999999999,"total":0.0391168,"children":{"CollectObservations":{"count":907,"self":0.0019517999999999998,"total":0.0019517999999999998,"children":null},"WriteActionMask":{"count":907,"self":0,"total":0,"children":null},"RequestDecision":{"count":907,"self":0.0130545,"total":0.026138599999999998,"children":{"AgentInfo.ToProto":{"count":907,"self":0.003036,"total":0.0130841,"children":{"GenerateSensorData":{"count":907,"self":0.010048099999999999,"total":0.010048099999999999,"children":null}}}}}}},"DecideAction":{"count":4534,"self":7.9232575999999995,"total":7.9232572999999995,"children":null},"AgentAct":{"count":4534,"self":0.71220909999999993,"total":0.71220909999999993,"children":null}},"gauges":{},"metadata":{"timer_format_version":"0.1.0","start_time_seconds":"1685356671","unity_version":"2021.3.22f1","command_line_arguments":"D:\\Programas\\Unity\\2021.3.22f1\\Editor\\Unity.exe -projectpath D:\\Pedro Leiras\\IPCA\\EDJD 2ANO\\S2\\DJA\\Wacky-Wheels -useHub -hubIPC -cloudEnvironment production -licensingIpc LicenseClient-Pedro Leiras -hubSessionId a557d6f5-528b-405c-b2a6-50adfd731060 -accessToken 0CeLSJUrG700Rfn2Li3IPSafRwrGyzMZL4TA7mjYc14006f","communication_protocol_version":"1.5.0","com.unity.ml-agents_version":"2.2.1-exp.1","scene_name":"Treino AI","end_time_seconds":"1685356683"}}